acc_train,acc_val,loss_train,loss_val,layers_units,learning_rate
"[0.05242500081658363, 0.10215000063180923, 0.12815000116825104, 0.14567500352859497, 0.1576250046491623, 0.16830000281333923, 0.1754000037908554]","[0.08320000022649765, 0.10679999738931656, 0.12280000001192093, 0.14090000092983246, 0.15139999985694885, 0.15039999783039093, 0.16539999842643738]","[4.330202102661133, 3.9597957134246826, 3.812896966934204, 3.718005895614624, 3.6488592624664307, 3.5903942584991455, 3.540900468826294]","[4.071753978729248, 3.9146463871002197, 3.799015522003174, 3.7308640480041504, 3.678373098373413, 3.659055471420288, 3.598281145095825]","[128, 128]",0.0001
"[0.0562250018119812, 0.08834999799728394, 0.10014999657869339, 0.1109749972820282, 0.12020000070333481, 0.1276250034570694, 0.13439999520778656]","[0.08049999922513962, 0.08269999921321869, 0.0989999994635582, 0.11580000072717667, 0.12530000507831573, 0.12729999423027039, 0.12720000743865967]","[4.177326679229736, 3.9173922538757324, 3.836773157119751, 3.767982006072998, 3.707718849182129, 3.6632819175720215, 3.6310975551605225]","[3.9848639965057373, 3.9268760681152344, 3.855212450027466, 3.76946759223938, 3.718902349472046, 3.7087976932525635, 3.714002847671509]","[128, 128]",0.001
"[0.009875000454485416, 0.009399999864399433, 0.009750000201165676, 0.00917499978095293, 0.010824999772012234, 0.009475000202655792, 0.00925000011920929]","[0.010400000028312206, 0.008799999952316284, 0.007699999958276749, 0.008700000122189522, 0.008500000461935997, 0.008500000461935997, 0.010900000110268593]","[4.659067630767822, 4.610253810882568, 4.6103057861328125, 4.610194683074951, 4.6105170249938965, 4.610352039337158, 4.610167026519775]","[4.6091132164001465, 4.609975814819336, 4.61077880859375, 4.61161470413208, 4.610770225524902, 4.612575531005859, 4.6105146408081055]","[128, 128]",0.01
"[0.06622499972581863, 0.11554999649524689, 0.14675000309944153, 0.1610250025987625, 0.17742499709129333, 0.18837499618530273, 0.19702500104904175]","[0.09440000355243683, 0.13410000503063202, 0.1460999995470047, 0.1632000058889389, 0.1679999977350235, 0.1745000034570694, 0.18610000610351562]","[4.208313941955566, 3.8446531295776367, 3.687493324279785, 3.5959858894348145, 3.5191843509674072, 3.4562885761260986, 3.4006054401397705]","[3.9831039905548096, 3.7761077880859375, 3.6719014644622803, 3.604910135269165, 3.5667243003845215, 3.5162174701690674, 3.45988392829895]","[128, 512]",0.0001
"[0.03175000101327896, 0.045375000685453415, 0.05000000074505806, 0.0541750006377697, 0.06667499989271164, 0.07760000228881836, 0.08009999990463257]","[0.04010000079870224, 0.04859999939799309, 0.05620000138878822, 0.06360000371932983, 0.07540000230073929, 0.07779999822378159, 0.08030000329017639]","[4.342349052429199, 4.167749404907227, 4.137807846069336, 4.106735706329346, 4.02357292175293, 3.959578037261963, 3.932960271835327]","[4.2222137451171875, 4.149667263031006, 4.134647369384766, 4.095604419708252, 4.004549026489258, 3.96811842918396, 3.965998411178589]","[128, 512]",0.001
"[0.009475000202655792, 0.010425000451505184, 0.009575000032782555, 0.009475000202655792, 0.00925000011920929, 0.009325000457465649, 0.009499999694526196]","[0.007699999958276749, 0.010200000368058681, 0.008700000122189522, 0.009100000374019146, 0.008700000122189522, 0.008299999870359898, 0.008700000122189522]","[4.672682762145996, 4.610220432281494, 4.61079740524292, 4.610599040985107, 4.610244274139404, 4.610374450683594, 4.610443592071533]","[4.611494064331055, 4.611866474151611, 4.61195707321167, 4.610142707824707, 4.61308479309082, 4.6106157302856445, 4.610635757446289]","[128, 512]",0.01
"[0.07167500257492065, 0.13157500326633453, 0.15940000116825104, 0.17755000293254852, 0.19322499632835388, 0.2071000039577484, 0.2202499955892563]","[0.10939999669790268, 0.1395999938249588, 0.1632000058889389, 0.18050000071525574, 0.1842000037431717, 0.19140000641345978, 0.20080000162124634]","[4.146899223327637, 3.756810188293457, 3.600994825363159, 3.496255874633789, 3.4123809337615967, 3.339791774749756, 3.274092674255371]","[3.88393235206604, 3.6995718479156494, 3.58670711517334, 3.5065460205078125, 3.4764328002929688, 3.416548728942871, 3.381899118423462]","[128, 1024]",0.0001
"[0.02095000073313713, 0.02655000053346157, 0.02810000069439411, 0.030150000005960464, 0.029924999922513962, 0.02954999916255474, 0.039650000631809235]","[0.022099999710917473, 0.032099999487400055, 0.03020000085234642, 0.031300000846385956, 0.03139999881386757, 0.03099999949336052, 0.0430000014603138]","[4.439986705780029, 4.351520538330078, 4.3325934410095215, 4.322014331817627, 4.31562614440918, 4.311744689941406, 4.23670768737793]","[4.393484115600586, 4.347794055938721, 4.33701229095459, 4.328842639923096, 4.328249454498291, 4.323355674743652, 4.21507453918457]","[128, 1024]",0.001
"[0.008750000037252903, 0.009925000369548798, 0.010049999691545963, 0.009200000204145908, 0.009475000202655792, 0.008899999782443047, 0.010324999690055847]","[0.008500000461935997, 0.008999999612569809, 0.00860000029206276, 0.010200000368058681, 0.008700000122189522, 0.01140000019222498, 0.008999999612569809]","[4.650928020477295, 4.610342502593994, 4.610403537750244, 4.610411167144775, 4.610317230224609, 4.610537052154541, 4.6103081703186035]","[4.611205101013184, 4.610230922698975, 4.611630439758301, 4.611188888549805, 4.610042095184326, 4.609886646270752, 4.610452651977539]","[128, 1024]",0.01
"[0.05482500046491623, 0.1051499992609024, 0.13432499766349792, 0.1560250073671341, 0.1699250042438507, 0.18287500739097595, 0.19462500512599945]","[0.09059999883174896, 0.10980000346899033, 0.13729999959468842, 0.15320000052452087, 0.16580000519752502, 0.1728000044822693, 0.181099995970726]","[4.288086891174316, 3.927008628845215, 3.76029372215271, 3.6473047733306885, 3.5651028156280518, 3.4926342964172363, 3.4297640323638916]","[4.048975944519043, 3.8765225410461426, 3.749605894088745, 3.6687300205230713, 3.6059741973876953, 3.5652687549591064, 3.526292085647583]","[512, 128]",0.0001
"[0.055399999022483826, 0.11677499860525131, 0.14274999499320984, 0.16134999692440033, 0.17419999837875366, 0.18627500534057617, 0.19634999334812164]","[0.09120000153779984, 0.12099999934434891, 0.13459999859333038, 0.15700000524520874, 0.17630000412464142, 0.17069999873638153, 0.17399999499320984]","[4.218553066253662, 3.794523000717163, 3.6337366104125977, 3.534383535385132, 3.4616315364837646, 3.4017202854156494, 3.351167917251587]","[3.9498019218444824, 3.7605557441711426, 3.6752917766571045, 3.594310998916626, 3.4899473190307617, 3.479013204574585, 3.478132724761963]","[512, 128]",0.001
"[0.010174999944865704, 0.009975000284612179, 0.0085249999538064, 0.008925000205636024, 0.009750000201165676, 0.008949999697506428, 0.009449999779462814]","[0.00860000029206276, 0.007699999958276749, 0.00989999994635582, 0.010900000110268593, 0.008700000122189522, 0.010200000368058681, 0.008799999952316284]","[4.701062202453613, 4.6104936599731445, 4.610291957855225, 4.61054801940918, 4.610725402832031, 4.610257625579834, 4.610108375549316]","[4.608382225036621, 4.610326290130615, 4.610767364501953, 4.6107659339904785, 4.613245964050293, 4.611870765686035, 4.6107330322265625]","[512, 128]",0.01
"[0.074924997985363, 0.13404999673366547, 0.1624000072479248, 0.18275000154972076, 0.1983499974012375, 0.21455000340938568, 0.2316499948501587]","[0.11180000007152557, 0.148499995470047, 0.16519999504089355, 0.1738000065088272, 0.1881999969482422, 0.188400000333786, 0.20260000228881836]","[4.146636486053467, 3.758335828781128, 3.6005167961120605, 3.4849202632904053, 3.3924522399902344, 3.3126816749572754, 3.2363197803497314]","[3.901705026626587, 3.707596778869629, 3.5948328971862793, 3.5320382118225098, 3.4530632495880127, 3.430346965789795, 3.383730411529541]","[512, 512]",0.0001
"[0.07575000077486038, 0.1344749927520752, 0.16245000064373016, 0.1770000010728836, 0.19120000302791595, 0.20182499289512634, 0.21332499384880066]","[0.12359999865293503, 0.14630000293254852, 0.15410000085830688, 0.17499999701976776, 0.1762000024318695, 0.18019999563694, 0.19660000503063202]","[4.056883335113525, 3.686610460281372, 3.5325164794921875, 3.4312074184417725, 3.353504180908203, 3.2824559211730957, 3.2267489433288574]","[3.7638089656829834, 3.621023416519165, 3.5598583221435547, 3.5089523792266846, 3.4617366790771484, 3.467487096786499, 3.4108543395996094]","[512, 512]",0.001
"[0.009750000201165676, 0.009549999609589577, 0.009600000455975533, 0.009999999776482582, 0.010324999690055847, 0.009875000454485416, 0.008849999867379665]","[0.007699999958276749, 0.007699999958276749, 0.008700000122189522, 0.008700000122189522, 0.008700000122189522, 0.010200000368058681, 0.008299999870359898]","[4.820822238922119, 4.610750675201416, 4.610607147216797, 4.6101226806640625, 4.609958648681641, 4.6103692054748535, 4.61028528213501]","[4.611629486083984, 4.610169887542725, 4.612406253814697, 4.6113152503967285, 4.612053394317627, 4.6100640296936035, 4.611464500427246]","[512, 512]",0.01
"[0.08037500083446503, 0.14104999601840973, 0.17162500321865082, 0.19175000488758087, 0.21160000562667847, 0.23025000095367432, 0.24397499859333038]","[0.11580000072717667, 0.1454000025987625, 0.17260000109672546, 0.18410000205039978, 0.20409999787807465, 0.20520000159740448, 0.2071000039577484]","[4.090972900390625, 3.705942153930664, 3.5409440994262695, 3.4202687740325928, 3.316666841506958, 3.221384048461914, 3.1398677825927734]","[3.8504958152770996, 3.6539418697357178, 3.545128583908081, 3.4681355953216553, 3.3911328315734863, 3.3779590129852295, 3.326913595199585]","[512, 1024]",0.0001
"[0.07187499850988388, 0.12389999628067017, 0.1485999971628189, 0.16725000739097595, 0.17902499437332153, 0.18825000524520874, 0.19529999792575836]","[0.10450000315904617, 0.12809999287128448, 0.1599999964237213, 0.16369999945163727, 0.15150000154972076, 0.17299999296665192, 0.18039999902248383]","[4.065782070159912, 3.7368991374969482, 3.58390736579895, 3.4758706092834473, 3.3993847370147705, 3.35205078125, 3.3002219200134277]","[3.8696649074554443, 3.6976442337036133, 3.548802375793457, 3.517056703567505, 3.597456693649292, 3.478571891784668, 3.4484024047851562]","[512, 1024]",0.001
"[0.008775000460445881, 0.0085249999538064, 0.008550000376999378, 0.009724999777972698, 0.010125000029802322, 0.009025000035762787, 0.009224999696016312]","[0.010700000450015068, 0.010400000028312206, 0.00839999970048666, 0.008999999612569809, 0.008799999952316284, 0.00839999970048666, 0.009200000204145908]","[4.835259914398193, 4.61034631729126, 4.610298156738281, 4.610373020172119, 4.609890937805176, 4.610648155212402, 4.6103010177612305]","[4.6107096672058105, 4.610255241394043, 4.611960411071777, 4.607865810394287, 4.610939025878906, 4.609691619873047, 4.612050533294678]","[512, 1024]",0.01
"[0.04867500066757202, 0.10249999910593033, 0.1305750012397766, 0.15230000019073486, 0.1684499979019165, 0.18324999511241913, 0.19480000436306]","[0.08500000089406967, 0.12129999697208405, 0.13670000433921814, 0.15399999916553497, 0.1680999994277954, 0.17190000414848328, 0.17630000412464142]","[4.335180282592773, 3.9446346759796143, 3.7666430473327637, 3.6526360511779785, 3.564218044281006, 3.487396001815796, 3.4189257621765137]","[4.076765060424805, 3.8679163455963135, 3.7688405513763428, 3.6589460372924805, 3.5890965461730957, 3.5680105686187744, 3.5251359939575195]","[1024, 128]",0.0001
"[0.008200000040233135, 0.010174999944865704, 0.009499999694526196, 0.009200000204145908, 0.010324999690055847, 0.009800000116229057, 0.0101500004529953]","[0.007699999958276749, 0.00839999970048666, 0.007699999958276749, 0.007699999958276749, 0.007699999958276749, 0.008299999870359898, 0.007699999958276749]","[4.610227108001709, 4.6056809425354, 4.605691432952881, 4.605640411376953, 4.605641841888428, 4.605618000030518, 4.605651378631592]","[4.6065287590026855, 4.606296062469482, 4.607561111450195, 4.607732772827148, 4.607893466949463, 4.608024597167969, 4.60795783996582]","[1024, 128]",0.001
"[0.009850000031292439, 0.009925000369548798, 0.009850000031292439, 0.009224999696016312, 0.010049999691545963, 0.009425000287592411, 0.008550000376999378]","[0.00860000029206276, 0.008500000461935997, 0.010200000368058681, 0.008799999952316284, 0.00989999994635582, 0.008700000122189522, 0.010900000110268593]","[4.897637367248535, 4.609766483306885, 4.610426902770996, 4.610183238983154, 4.610396862030029, 4.610369682312012, 4.61033821105957]","[4.61032247543335, 4.612686634063721, 4.610150337219238, 4.610048294067383, 4.611013889312744, 4.611191272735596, 4.6107587814331055]","[1024, 128]",0.01
"[0.07462500035762787, 0.13304999470710754, 0.16597500443458557, 0.18365000188350677, 0.20454999804496765, 0.21762500703334808, 0.23442499339580536]","[0.10360000282526016, 0.14219999313354492, 0.17180000245571136, 0.18060000240802765, 0.19020000100135803, 0.19820000231266022, 0.20100000500679016]","[4.143193244934082, 3.7557449340820312, 3.5838208198547363, 3.4643125534057617, 3.3628101348876953, 3.2746737003326416, 3.1932694911956787]","[3.9151535034179688, 3.712078809738159, 3.583491086959839, 3.5196645259857178, 3.454210042953491, 3.4183008670806885, 3.371961832046509]","[1024, 512]",0.0001
"[0.07717499881982803, 0.13797500729560852, 0.1627500057220459, 0.1823749989271164, 0.19762499630451202, 0.20890000462532043, 0.22122499346733093]","[0.11100000143051147, 0.14749999344348907, 0.17059999704360962, 0.18029999732971191, 0.18019999563694, 0.19179999828338623, 0.20270000398159027]","[4.064659595489502, 3.6729421615600586, 3.518495798110962, 3.4138944149017334, 3.330230951309204, 3.2497379779815674, 3.185443878173828]","[3.8182663917541504, 3.6246914863586426, 3.525547742843628, 3.4638195037841797, 3.465425491333008, 3.414201498031616, 3.3484957218170166]","[1024, 512]",0.001
"[0.009949999861419201, 0.008724999614059925, 0.009850000031292439, 0.009750000201165676, 0.009499999694526196, 0.009549999609589577, 0.009025000035762787]","[0.007699999958276749, 0.01140000019222498, 0.008299999870359898, 0.009100000374019146, 0.009200000204145908, 0.010599999688565731, 0.007699999958276749]","[4.946281909942627, 4.610527515411377, 4.6119818687438965, 4.610071659088135, 4.609932899475098, 4.610301494598389, 4.610540866851807]","[4.6118621826171875, 4.6108503341674805, 4.608838081359863, 4.610886096954346, 4.61227560043335, 4.611543655395508, 4.611067771911621]","[1024, 512]",0.01
"[0.08347500115633011, 0.1464499980211258, 0.1746249943971634, 0.2017499953508377, 0.21610000729560852, 0.2367749959230423, 0.2546750009059906]","[0.12549999356269836, 0.15729999542236328, 0.1738000065088272, 0.1876000016927719, 0.19589999318122864, 0.2110999971628189, 0.21060000360012054]","[4.081657409667969, 3.6825082302093506, 3.5153605937957764, 3.383817672729492, 3.277456521987915, 3.1801135540008545, 3.0824780464172363]","[3.8312087059020996, 3.640108108520508, 3.5424327850341797, 3.4470036029815674, 3.415487051010132, 3.3608508110046387, 3.3346500396728516]","[1024, 1024]",0.0001
"[0.07654999941587448, 0.13574999570846558, 0.15940000116825104, 0.18230000138282776, 0.1959500014781952, 0.2105250060558319, 0.2207999974489212]","[0.1185000017285347, 0.13940000534057617, 0.16269999742507935, 0.179299995303154, 0.18299999833106995, 0.18809999525547028, 0.19670000672340393]","[4.061850547790527, 3.678807497024536, 3.522667646408081, 3.4123401641845703, 3.322638750076294, 3.2464568614959717, 3.1794049739837646]","[3.784884452819824, 3.6764426231384277, 3.5616061687469482, 3.4558918476104736, 3.433729648590088, 3.434117555618286, 3.406174659729004]","[1024, 1024]",0.001
"[0.010449999943375587, 0.009100000374019146, 0.008875000290572643, 0.009449999779462814, 0.01002500019967556, 0.009724999777972698, 0.009650000371038914]","[0.008799999952316284, 0.008799999952316284, 0.008700000122189522, 0.011099999770522118, 0.008700000122189522, 0.008700000122189522, 0.008999999612569809]","[5.049108505249023, 4.611800670623779, 4.610396385192871, 4.610166072845459, 4.610119819641113, 4.610058784484863, 4.610472202301025]","[4.611195087432861, 4.612943172454834, 4.613858222961426, 4.610608100891113, 4.611703872680664, 4.613654136657715, 4.6116414070129395]","[1024, 1024]",0.01
"[0.04149999842047691, 0.09517499804496765, 0.12037499994039536, 0.13875000178813934, 0.1519249975681305, 0.16290000081062317, 0.17287500202655792]","[0.07419999688863754, 0.10980000346899033, 0.1298000067472458, 0.14300000667572021, 0.15569999814033508, 0.16019999980926514, 0.17069999873638153]","[4.366598606109619, 3.9648308753967285, 3.8137238025665283, 3.7128348350524902, 3.640131950378418, 3.579442262649536, 3.526705741882324]","[4.101328372955322, 3.895463228225708, 3.7794833183288574, 3.714045286178589, 3.649566411972046, 3.6318206787109375, 3.5708887577056885]","[128, 128, 128]",0.0001
"[0.06435000151395798, 0.11140000075101852, 0.13467499613761902, 0.14287500083446503, 0.15472500026226044, 0.16494999825954437, 0.17075000703334808]","[0.09179999679327011, 0.11890000104904175, 0.1379999965429306, 0.1371999979019165, 0.1509999930858612, 0.1550000011920929, 0.16369999945163727]","[4.134647846221924, 3.7964136600494385, 3.668567657470703, 3.595219135284424, 3.540271043777466, 3.4844343662261963, 3.4465909004211426]","[3.9140424728393555, 3.766232490539551, 3.6907272338867188, 3.645589828491211, 3.5684194564819336, 3.534806966781616, 3.518001079559326]","[128, 128, 128]",0.001
"[0.008899999782443047, 0.009150000289082527, 0.01002500019967556, 0.009575000032782555, 0.010250000283122063, 0.009150000289082527, 0.009875000454485416]","[0.008700000122189522, 0.00860000029206276, 0.008700000122189522, 0.009100000374019146, 0.010200000368058681, 0.009800000116229057, 0.010900000110268593]","[4.6367926597595215, 4.610620021820068, 4.610313415527344, 4.609720230102539, 4.610584259033203, 4.610408782958984, 4.61033296585083]","[4.611886501312256, 4.611262321472168, 4.611108303070068, 4.6136884689331055, 4.6099162101745605, 4.6092047691345215, 4.610727310180664]","[128, 128, 128]",0.01
"[0.061650000512599945, 0.11595000326633453, 0.14627499878406525, 0.1618250012397766, 0.17710000276565552, 0.18927499651908875, 0.20137499272823334]","[0.08889999985694885, 0.13019999861717224, 0.15479999780654907, 0.16459999978542328, 0.16680000722408295, 0.18039999902248383, 0.19189999997615814]","[4.207084655761719, 3.8220784664154053, 3.66617488861084, 3.5689468383789062, 3.4878182411193848, 3.4160375595092773, 3.3598380088806152]","[3.9694793224334717, 3.7552847862243652, 3.647787094116211, 3.5843496322631836, 3.5503313541412354, 3.505762815475464, 3.4239742755889893]","[128, 128, 512]",0.0001
"[0.059174999594688416, 0.09592500329017639, 0.11502499878406525, 0.1236250028014183, 0.13165000081062317, 0.13580000400543213, 0.14124999940395355]","[0.0803999975323677, 0.11320000141859055, 0.11699999868869781, 0.1193000003695488, 0.1281999945640564, 0.12600000202655792, 0.12690000236034393]","[4.135495662689209, 3.884532928466797, 3.7584152221679688, 3.689842939376831, 3.646298885345459, 3.61095929145813, 3.5778374671936035]","[3.9631330966949463, 3.8044967651367188, 3.746293067932129, 3.720287799835205, 3.6939735412597656, 3.7099733352661133, 3.7058675289154053]","[128, 128, 512]",0.001
"[0.0101500004529953, 0.009674999862909317, 0.008999999612569809, 0.00977499969303608, 0.009650000371038914, 0.009999999776482582, 0.008899999782443047]","[0.01080000028014183, 0.008700000122189522, 0.009100000374019146, 0.00860000029206276, 0.00839999970048666, 0.009800000116229057, 0.00860000029206276]","[4.657777309417725, 4.610412120819092, 4.610651016235352, 4.610100269317627, 4.610208034515381, 4.610290050506592, 4.610284328460693]","[4.6099371910095215, 4.611353397369385, 4.6113505363464355, 4.61160135269165, 4.611912727355957, 4.611153602600098, 4.613008975982666]","[128, 128, 512]",0.01
"[0.07150000333786011, 0.1296750009059906, 0.1554500013589859, 0.178275004029274, 0.19352500140666962, 0.20604999363422394, 0.21694999933242798]","[0.11309999972581863, 0.1429000049829483, 0.16500000655651093, 0.16940000653266907, 0.18359999358654022, 0.18700000643730164, 0.20100000500679016]","[4.1400556564331055, 3.7466371059417725, 3.595400333404541, 3.483222246170044, 3.399836301803589, 3.3259952068328857, 3.260275363922119]","[3.8649518489837646, 3.6867432594299316, 3.5624334812164307, 3.525219202041626, 3.4578206539154053, 3.429279327392578, 3.349622964859009]","[128, 128, 1024]",0.0001
"[0.05999999865889549, 0.10625000298023224, 0.1274999976158142, 0.1391250044107437, 0.15262499451637268, 0.15489999949932098, 0.16372500360012054]","[0.09009999781847, 0.11180000007152557, 0.13109999895095825, 0.13420000672340393, 0.13989999890327454, 0.15279999375343323, 0.13940000534057617]","[4.150910377502441, 3.8002965450286865, 3.675535202026367, 3.5974483489990234, 3.5318195819854736, 3.482283115386963, 3.43365478515625]","[3.9061882495880127, 3.7676711082458496, 3.6665921211242676, 3.6329760551452637, 3.622220754623413, 3.5787975788116455, 3.628065347671509]","[128, 128, 1024]",0.001
"[0.00977499969303608, 0.009724999777972698, 0.009975000284612179, 0.010850000195205212, 0.010125000029802322, 0.009025000035762787, 0.010075000114738941]","[0.008500000461935997, 0.009200000204145908, 0.009600000455975533, 0.010400000028312206, 0.010599999688565731, 0.01140000019222498, 0.009499999694526196]","[4.648807048797607, 4.676673889160156, 4.6100850105285645, 4.610347747802734, 4.610645294189453, 4.610212326049805, 4.610285758972168]","[4.611217021942139, 4.610819339752197, 4.610555648803711, 4.609375, 4.611489295959473, 4.61110782623291, 4.612523078918457]","[128, 128, 1024]",0.01
"[0.051249999552965164, 0.10477499663829803, 0.1332249939441681, 0.15049999952316284, 0.16625000536441803, 0.17992499470710754, 0.19110000133514404]","[0.0843999981880188, 0.11710000038146973, 0.1348000019788742, 0.15360000729560852, 0.16769999265670776, 0.17350000143051147, 0.1835000067949295]","[4.307422161102295, 3.9148738384246826, 3.7534327507019043, 3.6446211338043213, 3.5598151683807373, 3.4865469932556152, 3.4226527214050293]","[4.039608478546143, 3.8411855697631836, 3.740365743637085, 3.6445696353912354, 3.5871899127960205, 3.5414440631866455, 3.493926525115967]","[128, 512, 128]",0.0001
"[0.026374999433755875, 0.048250000923871994, 0.0697999969124794, 0.07904999703168869, 0.08164999634027481, 0.08367499709129333, 0.08495000004768372]","[0.04320000112056732, 0.06539999693632126, 0.07729999721050262, 0.07989999651908875, 0.0778999999165535, 0.08579999953508377, 0.08649999648332596]","[4.356124401092529, 4.171584606170654, 4.009805679321289, 3.962387800216675, 3.938610553741455, 3.921638250350952, 3.9117343425750732]","[4.248019695281982, 4.061481475830078, 3.9848296642303467, 3.956190347671509, 3.949389934539795, 3.949326515197754, 3.928209066390991]","[128, 512, 128]",0.001
"[0.009624999947845936, 0.009975000284612179, 0.009600000455975533, 0.010350000113248825, 0.009499999694526196, 0.009650000371038914, 0.010374999605119228]","[0.008299999870359898, 0.008500000461935997, 0.00989999994635582, 0.010599999688565731, 0.008999999612569809, 0.008799999952316284, 0.010200000368058681]","[4.640173435211182, 4.610596179962158, 4.610483646392822, 4.610224723815918, 4.610124111175537, 4.610462665557861, 4.610293865203857]","[4.609131813049316, 4.609803676605225, 4.611070156097412, 4.610074043273926, 4.610418796539307, 4.612163066864014, 4.611644268035889]","[128, 512, 128]",0.01
"[0.07247500121593475, 0.13410000503063202, 0.16167500615119934, 0.18242500722408295, 0.19740000367164612, 0.21222500503063202, 0.22519999742507935]","[0.11479999870061874, 0.14910000562667847, 0.16740000247955322, 0.18320000171661377, 0.18320000171661377, 0.19280000030994415, 0.20550000667572021]","[4.1353325843811035, 3.729046583175659, 3.573164939880371, 3.4623639583587646, 3.3726320266723633, 3.2966723442077637, 3.226003646850586]","[3.8483519554138184, 3.6538753509521484, 3.566657304763794, 3.4734671115875244, 3.4458062648773193, 3.41320538520813, 3.3286964893341064]","[128, 512, 512]",0.0001
"[0.01877499930560589, 0.027274999767541885, 0.029725000262260437, 0.03022499941289425, 0.029625000432133675, 0.030899999663233757, 0.031024999916553497]","[0.024299999698996544, 0.02319999970495701, 0.031300000846385956, 0.029899999499320984, 0.02979999966919422, 0.03060000017285347, 0.03449999913573265]","[4.436469078063965, 4.344691276550293, 4.329740047454834, 4.323930740356445, 4.322189807891846, 4.31540584564209, 4.3085246086120605]","[4.377209186553955, 4.339875221252441, 4.363317012786865, 4.330548286437988, 4.3211541175842285, 4.330255508422852, 4.319718837738037]","[128, 512, 512]",0.001
"[0.009399999864399433, 0.009425000287592411, 0.009499999694526196, 0.010300000198185444, 0.009449999779462814, 0.008975000120699406, 0.009700000286102295]","[0.009600000455975533, 0.009100000374019146, 0.007699999958276749, 0.009399999864399433, 0.010200000368058681, 0.008700000122189522, 0.010900000110268593]","[4.666042327880859, 4.610384464263916, 4.610369682312012, 4.610337734222412, 4.610087871551514, 4.610554218292236, 4.6103386878967285]","[4.611335754394531, 4.6124444007873535, 4.610867977142334, 4.610246181488037, 4.609546661376953, 4.609871864318848, 4.609885215759277]","[128, 512, 512]",0.01
"[0.07747499644756317, 0.14137500524520874, 0.1719750016927719, 0.19037500023841858, 0.20999999344348907, 0.2248000055551529, 0.23772500455379486]","[0.11460000276565552, 0.15719999372959137, 0.17630000412464142, 0.18440000712871552, 0.19529999792575836, 0.21089999377727509, 0.21209999918937683]","[4.093374729156494, 3.681478500366211, 3.517437219619751, 3.4020285606384277, 3.3077034950256348, 3.222041606903076, 3.148911476135254]","[3.8036766052246094, 3.6157543659210205, 3.50386905670166, 3.4410128593444824, 3.4012856483459473, 3.3494510650634766, 3.3018362522125244]","[128, 512, 1024]",0.0001
"[0.045499999076128006, 0.06889999657869339, 0.07247500121593475, 0.07705000042915344, 0.08015000075101852, 0.0815500020980835, 0.08415000140666962]","[0.05959999933838844, 0.07519999891519547, 0.0754999965429306, 0.0771000012755394, 0.07639999687671661, 0.0746999979019165, 0.08219999819993973]","[4.2088422775268555, 4.011226654052734, 3.9693057537078857, 3.9464664459228516, 3.928436756134033, 3.9171206951141357, 3.909592866897583]","[4.116822242736816, 3.9786605834960938, 3.974181652069092, 3.9596035480499268, 3.97512149810791, 3.9958901405334473, 3.968623161315918]","[128, 512, 1024]",0.001
"[0.010049999691545963, 0.009624999947845936, 0.0085249999538064, 0.009850000031292439, 0.00930000003427267, 0.009325000457465649, 0.01002500019967556]","[0.009200000204145908, 0.008299999870359898, 0.008299999870359898, 0.010200000368058681, 0.010599999688565731, 0.008700000122189522, 0.008999999612569809]","[4.691037654876709, 4.610284805297852, 4.6104044914245605, 4.610170841217041, 4.610525608062744, 4.610287666320801, 4.6105170249938965]","[4.610605239868164, 4.611781120300293, 4.608994007110596, 4.611069202423096, 4.609323978424072, 4.611597061157227, 4.610295295715332]","[128, 512, 1024]",0.01
"[0.05517499893903732, 0.10802499949932098, 0.13819999992847443, 0.15947499871253967, 0.17622500658035278, 0.18940000236034393, 0.20229999721050262]","[0.0892999991774559, 0.12060000002384186, 0.1436000019311905, 0.1590999960899353, 0.16339999437332153, 0.17149999737739563, 0.18860000371932983]","[4.272622108459473, 3.8886468410491943, 3.7183456420898438, 3.6028010845184326, 3.5103156566619873, 3.4289979934692383, 3.359168767929077]","[4.030222415924072, 3.82725191116333, 3.7066569328308105, 3.6109371185302734, 3.5755155086517334, 3.5030629634857178, 3.423271894454956]","[128, 1024, 128]",0.0001
"[0.022299999371170998, 0.03962500020861626, 0.04912500083446503, 0.05290000140666962, 0.05640000104904175, 0.0588500015437603, 0.07114999741315842]","[0.031300000846385956, 0.050599999725818634, 0.050200000405311584, 0.05559999868273735, 0.054499998688697815, 0.06350000202655792, 0.07360000163316727]","[4.430187702178955, 4.236120700836182, 4.1457014083862305, 4.123605251312256, 4.1060566902160645, 4.0893402099609375, 4.01992130279541]","[4.322162628173828, 4.184330940246582, 4.138726711273193, 4.130108833312988, 4.117430210113525, 4.073094367980957, 4.006679534912109]","[128, 1024, 128]",0.001
"[0.009325000457465649, 0.009549999609589577, 0.009200000204145908, 0.00917499978095293, 0.010499999858438969, 0.009399999864399433, 0.009274999611079693]","[0.010099999606609344, 0.009499999694526196, 0.008299999870359898, 0.011300000362098217, 0.00839999970048666, 0.008799999952316284, 0.009399999864399433]","[4.646023273468018, 4.610187530517578, 4.610549449920654, 4.610391616821289, 4.610130786895752, 4.61005163192749, 4.610140800476074]","[4.61097526550293, 4.610618591308594, 4.611921787261963, 4.609827041625977, 4.610566139221191, 4.611301898956299, 4.609972953796387]","[128, 1024, 128]",0.01
"[0.07840000092983246, 0.1399250030517578, 0.16942499577999115, 0.1910250037908554, 0.21170000731945038, 0.22347499430179596, 0.2399750053882599]","[0.10740000009536743, 0.15919999778270721, 0.17560000717639923, 0.1876000016927719, 0.19329999387264252, 0.20810000598430634, 0.21860000491142273]","[4.096643924713135, 3.697221040725708, 3.5355710983276367, 3.411306619644165, 3.3089561462402344, 3.2276554107666016, 3.146867513656616]","[3.875419855117798, 3.6316823959350586, 3.512188673019409, 3.4430534839630127, 3.390887975692749, 3.3282227516174316, 3.2845637798309326]","[128, 1024, 512]",0.0001
"[0.03607499971985817, 0.05347499996423721, 0.05810000002384186, 0.06807500123977661, 0.08044999837875366, 0.08577500283718109, 0.0849749967455864]","[0.05779999867081642, 0.05009999871253967, 0.053700000047683716, 0.08079999685287476, 0.07880000025033951, 0.07859999686479568, 0.08669999986886978]","[4.293126106262207, 4.138159275054932, 4.098439693450928, 4.034986972808838, 3.964144468307495, 3.9276528358459473, 3.912334442138672]","[4.142893314361572, 4.13562536239624, 4.176771640777588, 3.9837558269500732, 3.9896628856658936, 3.989450454711914, 3.9534590244293213]","[128, 1024, 512]",0.001
"[0.008799999952316284, 0.00865000020712614, 0.00917499978095293, 0.009999999776482582, 0.009750000201165676, 0.00989999994635582, 0.009700000286102295]","[0.008700000122189522, 0.008299999870359898, 0.010900000110268593, 0.01140000019222498, 0.007699999958276749, 0.00860000029206276, 0.008500000461935997]","[4.687840461730957, 4.6102800369262695, 4.610174179077148, 4.610135555267334, 4.610337734222412, 4.6104326248168945, 4.610584735870361]","[4.610671520233154, 4.610319137573242, 4.6091814041137695, 4.61043643951416, 4.60924768447876, 4.611169815063477, 4.6096014976501465]","[128, 1024, 512]",0.01
"[0.08277499675750732, 0.147475004196167, 0.17692500352859497, 0.19512499868869781, 0.21652500331401825, 0.2333499938249588, 0.24902500212192535]","[0.12460000067949295, 0.1581999957561493, 0.17339999973773956, 0.18619999289512634, 0.20309999585151672, 0.2125999927520752, 0.21250000596046448]","[4.05504846572876, 3.651245594024658, 3.4881629943847656, 3.371612548828125, 3.265143632888794, 3.1717405319213867, 3.0913641452789307]","[3.7786083221435547, 3.5873026847839355, 3.484309434890747, 3.431217670440674, 3.34622859954834, 3.311650037765503, 3.2908811569213867]","[128, 1024, 1024]",0.0001
"[0.020375000312924385, 0.027425000444054604, 0.029650000855326653, 0.03032499924302101, 0.02877499908208847, 0.02905000001192093, 0.02979999966919422]","[0.023000000044703484, 0.023900000378489494, 0.028599999845027924, 0.025200000032782555, 0.02630000002682209, 0.020800000056624413, 0.030799999833106995]","[4.419002532958984, 4.345003604888916, 4.334674835205078, 4.329303741455078, 4.331881523132324, 4.3426432609558105, 4.318820953369141]","[4.419271945953369, 4.359046936035156, 4.333979606628418, 4.379079818725586, 4.340965270996094, 4.506464004516602, 4.337010860443115]","[128, 1024, 1024]",0.001
"[0.009575000032782555, 0.010250000283122063, 0.009200000204145908, 0.009349999949336052, 0.009875000454485416, 0.009949999861419201, 0.009449999779462814]","[0.008700000122189522, 0.00989999994635582, 0.010200000368058681, 0.009499999694526196, 0.00860000029206276, 0.010099999606609344, 0.010200000368058681]","[4.728063583374023, 4.611467361450195, 4.61007022857666, 4.610495567321777, 4.610250949859619, 4.610127925872803, 4.610434532165527]","[4.611207485198975, 4.611133098602295, 4.612246036529541, 4.61257266998291, 4.61055326461792, 4.611274242401123, 4.610268592834473]","[128, 1024, 1024]",0.01
"[0.04975000023841858, 0.10414999723434448, 0.12997500598430634, 0.1500999927520752, 0.1665000021457672, 0.1768999993801117, 0.1913750022649765]","[0.08839999884366989, 0.11680000275373459, 0.13289999961853027, 0.14380000531673431, 0.1589999943971634, 0.1606999933719635, 0.1729000061750412]","[4.306972980499268, 3.9254257678985596, 3.763672351837158, 3.6554617881774902, 3.5698485374450684, 3.501558303833008, 3.4390180110931396]","[4.022442817687988, 3.847883939743042, 3.765131711959839, 3.6943066120147705, 3.6134543418884277, 3.5923335552215576, 3.5281784534454346]","[512, 128, 128]",0.0001
"[0.047200001776218414, 0.10140000283718109, 0.1324000060558319, 0.1521500051021576, 0.1695999950170517, 0.17784999310970306, 0.19077500700950623]","[0.08110000193119049, 0.11180000007152557, 0.13379999995231628, 0.1518000066280365, 0.16169999539852142, 0.15459999442100525, 0.1746000051498413]","[4.2678422927856445, 3.8529293537139893, 3.681459665298462, 3.564176559448242, 3.4766762256622314, 3.4121508598327637, 3.351069927215576]","[3.9855234622955322, 3.804797649383545, 3.677523374557495, 3.5778679847717285, 3.5119035243988037, 3.572075366973877, 3.464548110961914]","[512, 128, 128]",0.001
"[0.009875000454485416, 0.008999999612569809, 0.008500000461935997, 0.010900000110268593, 0.009525000117719173, 0.009074999950826168, 0.009700000286102295]","[0.010200000368058681, 0.010900000110268593, 0.008299999870359898, 0.00989999994635582, 0.010599999688565731, 0.010400000028312206, 0.008299999870359898]","[4.6923041343688965, 4.616816997528076, 4.610504627227783, 4.610385894775391, 4.610227108001709, 4.610113620758057, 4.610613822937012]","[4.609384536743164, 4.612471103668213, 4.610957622528076, 4.612250328063965, 4.611817359924316, 4.610724449157715, 4.61210298538208]","[512, 128, 128]",0.01
"[0.06772500276565552, 0.12532499432563782, 0.15152500569820404, 0.1722249984741211, 0.18702499568462372, 0.20017500221729279, 0.21324999630451202]","[0.10440000146627426, 0.13760000467300415, 0.15459999442100525, 0.17190000414848328, 0.1818999946117401, 0.19339999556541443, 0.19439999759197235]","[4.166521072387695, 3.7785303592681885, 3.6220526695251465, 3.5145370960235596, 3.4280288219451904, 3.352008104324341, 3.284210443496704]","[3.913325786590576, 3.706601858139038, 3.618995428085327, 3.537292242050171, 3.4847960472106934, 3.442244052886963, 3.4145426750183105]","[512, 128, 512]",0.0001
"[0.009650000371038914, 0.00917499978095293, 0.009025000035762787, 0.008975000120699406, 0.009274999611079693, 0.009925000369548798, 0.00989999994635582]","[0.008700000122189522, 0.00839999970048666, 0.007699999958276749, 0.007699999958276749, 0.007699999958276749, 0.007699999958276749, 0.007699999958276749]","[4.608275413513184, 4.605876922607422, 4.605652809143066, 4.60565710067749, 4.60563850402832, 4.6056623458862305, 4.605649471282959]","[4.607118606567383, 4.6072468757629395, 4.607638359069824, 4.607834815979004, 4.607935428619385, 4.608000755310059, 4.60801362991333]","[512, 128, 512]",0.001
"[0.009600000455975533, 0.009724999777972698, 0.01054999977350235, 0.010425000451505184, 0.010099999606609344, 0.009475000202655792, 0.008275000378489494]","[0.010499999858438969, 0.008899999782443047, 0.007699999958276749, 0.008500000461935997, 0.011300000362098217, 0.009499999694526196, 0.010999999940395355]","[4.704439163208008, 4.610190391540527, 4.6101789474487305, 4.610263824462891, 4.610259056091309, 4.610469341278076, 4.6103315353393555]","[4.6095991134643555, 4.614139080047607, 4.611746788024902, 4.611737251281738, 4.608407497406006, 4.610412120819092, 4.612029552459717]","[512, 128, 512]",0.01
"[0.07214999943971634, 0.13609999418258667, 0.16064999997615814, 0.18400000035762787, 0.20102499425411224, 0.21754999458789825, 0.22894999384880066]","[0.1137000024318695, 0.15080000460147858, 0.16019999980926514, 0.17489999532699585, 0.19169999659061432, 0.2020999938249588, 0.20579999685287476]","[4.119815349578857, 3.7175230979919434, 3.5557456016540527, 3.4417481422424316, 3.3431437015533447, 3.2580058574676514, 3.1860930919647217]","[3.8532629013061523, 3.651860237121582, 3.578096866607666, 3.4866878986358643, 3.4043493270874023, 3.3623671531677246, 3.322669506072998]","[512, 128, 1024]",0.0001
"[0.062174998223781586, 0.12229999899864197, 0.1519249975681305, 0.16607500612735748, 0.186599999666214, 0.19577500224113464, 0.20724999904632568]","[0.1054999977350235, 0.14010000228881836, 0.1599999964237213, 0.17080000042915344, 0.1665000021457672, 0.18379999697208405, 0.18230000138282776]","[4.118317604064941, 3.7353649139404297, 3.554924726486206, 3.443044900894165, 3.3563144207000732, 3.2811827659606934, 3.210733652114868]","[3.8482682704925537, 3.6553444862365723, 3.5284676551818848, 3.4647762775421143, 3.4957172870635986, 3.4184911251068115, 3.4272613525390625]","[512, 128, 1024]",0.001
"[0.009475000202655792, 0.009274999611079693, 0.009499999694526196, 0.010099999606609344, 0.009499999694526196, 0.008899999782443047, 0.009349999949336052]","[0.009499999694526196, 0.008799999952316284, 0.008299999870359898, 0.008799999952316284, 0.008299999870359898, 0.009200000204145908, 0.009200000204145908]","[4.684997081756592, 4.610335350036621, 4.610590934753418, 4.610470294952393, 4.609958171844482, 4.6102166175842285, 4.610045433044434]","[4.610618591308594, 4.610560894012451, 4.611011505126953, 4.611629486083984, 4.610690116882324, 4.610264301300049, 4.611705303192139]","[512, 128, 1024]",0.01
"[0.057225000113248825, 0.11277499794960022, 0.13967500627040863, 0.1610250025987625, 0.18152500689029694, 0.19574999809265137, 0.20737500488758087]","[0.09690000116825104, 0.12359999865293503, 0.14020000398159027, 0.16169999539852142, 0.16140000522136688, 0.18209999799728394, 0.18940000236034393]","[4.26638650894165, 3.871128559112549, 3.7015604972839355, 3.5838191509246826, 3.4881391525268555, 3.4014816284179688, 3.3276901245117188]","[3.9978628158569336, 3.8012616634368896, 3.6994667053222656, 3.5943686962127686, 3.5789332389831543, 3.483609676361084, 3.441498041152954]","[512, 512, 128]",0.0001
"[0.051375001668930054, 0.09860000014305115, 0.13432499766349792, 0.15424999594688416, 0.171875, 0.18254999816417694, 0.19554999470710754]","[0.07530000060796738, 0.11739999800920486, 0.14399999380111694, 0.15690000355243683, 0.17010000348091125, 0.1761000007390976, 0.17509999871253967]","[4.221594333648682, 3.8750269412994385, 3.6889989376068115, 3.5614120960235596, 3.473071575164795, 3.400386333465576, 3.3406102657318115]","[4.019654273986816, 3.8201546669006348, 3.6513733863830566, 3.5554401874542236, 3.494814157485962, 3.4527952671051025, 3.4480721950531006]","[512, 512, 128]",0.001
"[0.009499999694526196, 0.009449999779462814, 0.009475000202655792, 0.009274999611079693, 0.008875000290572643, 0.009549999609589577, 0.009525000117719173]","[0.009100000374019146, 0.009399999864399433, 0.008500000461935997, 0.00860000029206276, 0.010200000368058681, 0.009800000116229057, 0.008700000122189522]","[4.73339319229126, 4.610721111297607, 4.610279560089111, 4.610352516174316, 4.610440731048584, 4.610121250152588, 4.610382080078125]","[4.610963821411133, 4.611051559448242, 4.609663486480713, 4.610208034515381, 4.609493255615234, 4.6101975440979, 4.611617088317871]","[512, 512, 128]",0.01
"[0.0758500024676323, 0.13625000417232513, 0.16722500324249268, 0.18957500159740448, 0.2081499993801117, 0.22644999623298645, 0.24197499454021454]","[0.12870000302791595, 0.15240000188350677, 0.17159999907016754, 0.17640000581741333, 0.2011999934911728, 0.20559999346733093, 0.19699999690055847]","[4.121746063232422, 3.714146137237549, 3.547581672668457, 3.4221651554107666, 3.3217992782592773, 3.2248127460479736, 3.142599582672119]","[3.8279333114624023, 3.687116861343384, 3.52878475189209, 3.4854929447174072, 3.3954031467437744, 3.3511223793029785, 3.370096445083618]","[512, 512, 512]",0.0001
"[0.07109999656677246, 0.1289750039577484, 0.15850000083446503, 0.1790499985218048, 0.19732500612735748, 0.21512499451637268, 0.22460000216960907]","[0.10140000283718109, 0.1469999998807907, 0.15469999611377716, 0.1729000061750412, 0.18729999661445618, 0.19480000436306, 0.1858000010251999]","[4.086876392364502, 3.694676637649536, 3.5332417488098145, 3.4023334980010986, 3.300550699234009, 3.2069523334503174, 3.1311235427856445]","[3.8911256790161133, 3.604537010192871, 3.567005157470703, 3.456212043762207, 3.403546094894409, 3.38033390045166, 3.4274797439575195]","[512, 512, 512]",0.001
"[0.009100000374019146, 0.009850000031292439, 0.008825000375509262, 0.01119999960064888, 0.009624999947845936, 0.008624999783933163, 0.009399999864399433]","[0.00839999970048666, 0.008799999952316284, 0.009499999694526196, 0.008799999952316284, 0.008899999782443047, 0.010400000028312206, 0.008999999612569809]","[4.7374138832092285, 4.610663890838623, 4.610175132751465, 4.609977722167969, 4.610589027404785, 4.61060094833374, 4.610043048858643]","[4.611953258514404, 4.61108922958374, 4.6114091873168945, 4.6124091148376465, 4.611461639404297, 4.610607624053955, 4.6113691329956055]","[512, 512, 512]",0.01
"[0.08267500251531601, 0.14497500658035278, 0.17537499964237213, 0.2002750039100647, 0.21844999492168427, 0.23675000667572021, 0.25427499413490295]","[0.12530000507831573, 0.1565999984741211, 0.18080000579357147, 0.1906999945640564, 0.2070000022649765, 0.21400000154972076, 0.2207999974489212]","[4.0628886222839355, 3.661978006362915, 3.4892725944519043, 3.360128402709961, 3.2510504722595215, 3.1571316719055176, 3.0625312328338623]","[3.7895917892456055, 3.608487129211426, 3.4856200218200684, 3.408083915710449, 3.3433167934417725, 3.3120694160461426, 3.24606990814209]","[512, 512, 1024]",0.0001
"[0.0732249990105629, 0.13342499732971191, 0.16660000383853912, 0.187049999833107, 0.2017499953508377, 0.2179500013589859, 0.23325000703334808]","[0.11259999871253967, 0.14959999918937683, 0.17399999499320984, 0.1777999997138977, 0.1899999976158142, 0.19670000672340393, 0.19990000128746033]","[4.062260150909424, 3.668278455734253, 3.4792394638061523, 3.351778507232666, 3.2586700916290283, 3.1619155406951904, 3.068124294281006]","[3.8194820880889893, 3.5925827026367188, 3.4547359943389893, 3.4714715480804443, 3.403226852416992, 3.373666763305664, 3.3817152976989746]","[512, 512, 1024]",0.001
"[0.009499999694526196, 0.009674999862909317, 0.009600000455975533, 0.009850000031292439, 0.009600000455975533, 0.010174999944865704, 0.01002500019967556]","[0.00860000029206276, 0.008700000122189522, 0.008700000122189522, 0.008700000122189522, 0.009499999694526196, 0.009200000204145908, 0.010599999688565731]","[4.829237461090088, 4.610306739807129, 4.610172271728516, 4.6101861000061035, 4.610435962677002, 4.610389232635498, 4.610339164733887]","[4.613490581512451, 4.6121954917907715, 4.6122517585754395, 4.612882614135742, 4.609469413757324, 4.611225605010986, 4.609306335449219]","[512, 512, 1024]",0.01
"[0.055925000458955765, 0.1154249981045723, 0.14657500386238098, 0.1687999963760376, 0.18569999933242798, 0.203125, 0.2173749953508377]","[0.09120000153779984, 0.14069999754428864, 0.14790000021457672, 0.16140000522136688, 0.18449999392032623, 0.19619999825954437, 0.19709999859333038]","[4.254201412200928, 3.8561031818389893, 3.671870231628418, 3.543644428253174, 3.440833568572998, 3.3556301593780518, 3.270814895629883]","[3.984616756439209, 3.762399196624756, 3.6553776264190674, 3.5797739028930664, 3.475618839263916, 3.4207887649536133, 3.4096250534057617]","[512, 1024, 128]",0.0001
"[0.009575000032782555, 0.010449999943375587, 0.020250000059604645, 0.02384999953210354, 0.025474999099969864, 0.027274999767541885, 0.02969999983906746]","[0.007699999958276749, 0.016100000590085983, 0.024000000208616257, 0.02370000071823597, 0.026599999517202377, 0.02969999983906746, 0.028200000524520874]","[4.608410358428955, 4.596685886383057, 4.4038848876953125, 4.357173919677734, 4.342016220092773, 4.3333611488342285, 4.3249311447143555]","[4.606576442718506, 4.491747856140137, 4.368714332580566, 4.3634161949157715, 4.352591037750244, 4.340468883514404, 4.363332748413086]","[512, 1024, 128]",0.001
"[0.009200000204145908, 0.00937500037252903, 0.009399999864399433, 0.009674999862909317, 0.009600000455975533, 0.009449999779462814, 0.009274999611079693]","[0.009499999694526196, 0.009499999694526196, 0.009600000455975533, 0.008899999782443047, 0.008999999612569809, 0.008500000461935997, 0.008700000122189522]","[4.749739646911621, 4.610301971435547, 4.610153675079346, 4.610599994659424, 4.6102294921875, 4.610780239105225, 4.609948635101318]","[4.611682415008545, 4.610073566436768, 4.611921787261963, 4.610690593719482, 4.612536907196045, 4.61187744140625, 4.612220764160156]","[512, 1024, 128]",0.01
"[0.07742500305175781, 0.1376499980688095, 0.16962499916553497, 0.19550000131130219, 0.21699999272823334, 0.23497499525547028, 0.2515999972820282]","[0.1160999983549118, 0.15600000321865082, 0.1737000048160553, 0.1882999986410141, 0.19269999861717224, 0.2053000032901764, 0.21410000324249268]","[4.099913597106934, 3.692564010620117, 3.516305923461914, 3.3828842639923096, 3.275871992111206, 3.171401023864746, 3.080582857131958]","[3.8322694301605225, 3.6329667568206787, 3.5194194316864014, 3.437394618988037, 3.3943018913269043, 3.3268487453460693, 3.3140547275543213]","[512, 1024, 512]",0.0001
"[0.07225000113248825, 0.12572500109672546, 0.15264999866485596, 0.1724500060081482, 0.19187499582767487, 0.2016499936580658, 0.21484999358654022]","[0.10300000011920929, 0.13429999351501465, 0.15600000321865082, 0.16269999742507935, 0.1858000010251999, 0.1873999983072281, 0.1923999935388565]","[4.084925174713135, 3.725226879119873, 3.5611979961395264, 3.4357707500457764, 3.3432090282440186, 3.266270399093628, 3.195162057876587]","[3.8509390354156494, 3.677910089492798, 3.566959857940674, 3.531099319458008, 3.4291374683380127, 3.4234812259674072, 3.3858234882354736]","[512, 1024, 512]",0.001
"[0.009600000455975533, 0.009600000455975533, 0.009074999950826168, 0.009624999947845936, 0.009674999862909317, 0.010200000368058681, 0.009850000031292439]","[0.008999999612569809, 0.00989999994635582, 0.010400000028312206, 0.008899999782443047, 0.009200000204145908, 0.008700000122189522, 0.00860000029206276]","[4.793749809265137, 4.610335826873779, 4.6100287437438965, 4.610372066497803, 4.610476970672607, 4.610239028930664, 4.610320091247559]","[4.61223840713501, 4.611131191253662, 4.610722541809082, 4.611063003540039, 4.611966133117676, 4.611116409301758, 4.610622882843018]","[512, 1024, 512]",0.01
"[0.08357500284910202, 0.14772500097751617, 0.18310000002384186, 0.20819999277591705, 0.22920000553131104, 0.24744999408721924, 0.2660500109195709]","[0.13019999861717224, 0.1673000007867813, 0.18809999525547028, 0.19769999384880066, 0.2102999985218048, 0.22349999845027924, 0.22450000047683716]","[4.053565502166748, 3.6402173042297363, 3.4538965225219727, 3.3110191822052, 3.1949408054351807, 3.088148832321167, 2.986406087875366]","[3.764084815979004, 3.572582721710205, 3.44281005859375, 3.388914108276367, 3.3045847415924072, 3.2539150714874268, 3.243116855621338]","[512, 1024, 1024]",0.0001
"[0.057374998927116394, 0.09382499754428864, 0.11577499657869339, 0.12995000183582306, 0.14207500219345093, 0.14742499589920044, 0.1543249934911728]","[0.08649999648332596, 0.09640000015497208, 0.12150000035762787, 0.1273999959230423, 0.13519999384880066, 0.14229999482631683, 0.14149999618530273]","[4.147723197937012, 3.8705148696899414, 3.7352757453918457, 3.6492676734924316, 3.5868277549743652, 3.536597728729248, 3.4971179962158203]","[3.9660725593566895, 3.829986333847046, 3.7251760959625244, 3.692521572113037, 3.6485707759857178, 3.622476577758789, 3.6281726360321045]","[512, 1024, 1024]",0.001
"[0.00912499986588955, 0.01080000028014183, 0.009100000374019146, 0.009600000455975533, 0.008550000376999378, 0.00925000011920929, 0.01002500019967556]","[0.008299999870359898, 0.009499999694526196, 0.008799999952316284, 0.008899999782443047, 0.009399999864399433, 0.010599999688565731, 0.00860000029206276]","[4.888313293457031, 4.610454082489014, 4.610433101654053, 4.609954833984375, 4.610440731048584, 4.610230922698975, 4.609874725341797]","[4.610663890838623, 4.610785007476807, 4.610268592834473, 4.612252712249756, 4.6101531982421875, 4.611225605010986, 4.612485885620117]","[512, 1024, 1024]",0.01
"[0.0523499995470047, 0.10249999910593033, 0.13007499277591705, 0.14832499623298645, 0.16449999809265137, 0.17947499454021454, 0.19335000216960907]","[0.08150000125169754, 0.1136000007390976, 0.12880000472068787, 0.1468999981880188, 0.16419999301433563, 0.16750000417232513, 0.17509999871253967]","[4.301152229309082, 3.9279768466949463, 3.7717854976654053, 3.66060471534729, 3.5738162994384766, 3.49654221534729, 3.4264676570892334]","[4.046299934387207, 3.8503315448760986, 3.7774949073791504, 3.68420672416687, 3.6046409606933594, 3.564835548400879, 3.5066494941711426]","[1024, 128, 128]",0.0001
"[0.05939999967813492, 0.10752499848604202, 0.13334999978542328, 0.15322500467300415, 0.16744999587535858, 0.1817999929189682, 0.1885250061750412]","[0.09520000219345093, 0.12309999763965607, 0.14419999718666077, 0.1526000052690506, 0.16590000689029694, 0.1639000028371811, 0.18129999935626984]","[4.172083377838135, 3.8347980976104736, 3.669816017150879, 3.5611417293548584, 3.4801063537597656, 3.409372329711914, 3.35578989982605]","[3.9263815879821777, 3.75083327293396, 3.6133153438568115, 3.584090232849121, 3.5105366706848145, 3.534060478210449, 3.439288377761841]","[1024, 128, 128]",0.001
"[0.00982499960809946, 0.010224999859929085, 0.009274999611079693, 0.009700000286102295, 0.010274999774992466, 0.009499999694526196, 0.009525000117719173]","[0.009499999694526196, 0.008799999952316284, 0.009100000374019146, 0.009399999864399433, 0.010999999940395355, 0.01119999960064888, 0.008500000461935997]","[4.82961368560791, 4.610043048858643, 4.610421657562256, 4.609907627105713, 4.610257625579834, 4.61004638671875, 4.61032247543335]","[4.610441207885742, 4.61378812789917, 4.611074447631836, 4.611418724060059, 4.612901210784912, 4.612371444702148, 4.61106538772583]","[1024, 128, 128]",0.01
"[0.06650000065565109, 0.1244250014424324, 0.1513500064611435, 0.16972500085830688, 0.1868000030517578, 0.20257499814033508, 0.21369999647140503]","[0.09740000218153, 0.13539999723434448, 0.1517000049352646, 0.16439999639987946, 0.17599999904632568, 0.186599999666214, 0.19619999825954437]","[4.177213191986084, 3.7831332683563232, 3.623990297317505, 3.516939401626587, 3.429635524749756, 3.3542211055755615, 3.2846624851226807]","[3.912404775619507, 3.70443058013916, 3.6489620208740234, 3.561314344406128, 3.4969887733459473, 3.451674222946167, 3.4022862911224365]","[1024, 128, 512]",0.0001
"[0.00930000003427267, 0.009025000035762787, 0.009074999950826168, 0.009325000457465649, 0.009525000117719173, 0.009525000117719173, 0.009925000369548798]","[0.009200000204145908, 0.007699999958276749, 0.007699999958276749, 0.007699999958276749, 0.007699999958276749, 0.007699999958276749, 0.007699999958276749]","[4.608684539794922, 4.605867385864258, 4.6056623458862305, 4.6056318283081055, 4.605620861053467, 4.605680465698242, 4.605639457702637]","[4.607102394104004, 4.607264518737793, 4.607638359069824, 4.607785701751709, 4.607813835144043, 4.607986927032471, 4.607975006103516]","[1024, 128, 512]",0.001
"[0.009325000457465649, 0.008799999952316284, 0.009875000454485416, 0.009724999777972698, 0.010400000028312206, 0.009949999861419201, 0.010224999859929085]","[0.007699999958276749, 0.010200000368058681, 0.008899999782443047, 0.008700000122189522, 0.010200000368058681, 0.008799999952316284, 0.008999999612569809]","[4.7917327880859375, 4.610543727874756, 4.610841751098633, 4.610135555267334, 4.610052108764648, 4.610116958618164, 4.610138416290283]","[4.61123514175415, 4.6111931800842285, 4.609231472015381, 4.61046838760376, 4.612401008605957, 4.611767768859863, 4.612700939178467]","[1024, 128, 512]",0.01
"[0.07227499783039093, 0.133200004696846, 0.16442500054836273, 0.18217499554157257, 0.20229999721050262, 0.21649999916553497, 0.23109999299049377]","[0.10580000281333923, 0.14949999749660492, 0.16509999334812164, 0.18019999563694, 0.18549999594688416, 0.19689999520778656, 0.2021999955177307]","[4.131595134735107, 3.724886417388916, 3.553469181060791, 3.4392409324645996, 3.3407669067382812, 3.255622148513794, 3.1799652576446533]","[3.891324281692505, 3.666038990020752, 3.5692265033721924, 3.483825445175171, 3.430772304534912, 3.372421979904175, 3.3534140586853027]","[1024, 128, 1024]",0.0001
"[0.008574999868869781, 0.009399999864399433, 0.010224999859929085, 0.008975000120699406, 0.009650000371038914, 0.009425000287592411, 0.009875000454485416]","[0.008299999870359898, 0.007699999958276749, 0.007699999958276749, 0.007699999958276749, 0.007699999958276749, 0.007699999958276749, 0.007699999958276749]","[4.6079421043396, 4.6057329177856445, 4.605672836303711, 4.605657577514648, 4.605663776397705, 4.605668544769287, 4.605653762817383]","[4.606433391571045, 4.607151985168457, 4.607644557952881, 4.607819557189941, 4.60785436630249, 4.6078972816467285, 4.60788631439209]","[1024, 128, 1024]",0.001
"[0.009325000457465649, 0.01054999977350235, 0.009349999949336052, 0.009724999777972698, 0.009575000032782555, 0.010174999944865704, 0.009724999777972698]","[0.010900000110268593, 0.00839999970048666, 0.008799999952316284, 0.011300000362098217, 0.008700000122189522, 0.008299999870359898, 0.009200000204145908]","[4.767585277557373, 4.610258102416992, 4.6098809242248535, 4.610531806945801, 4.610311985015869, 4.610255718231201, 4.610527992248535]","[4.609270095825195, 4.611265182495117, 4.612676620483398, 4.6100172996521, 4.610265731811523, 4.611085414886475, 4.610888481140137]","[1024, 128, 1024]",0.01
"[0.05327500030398369, 0.11469999700784683, 0.14327499270439148, 0.1657000035047531, 0.18404999375343323, 0.2001499980688095, 0.21324999630451202]","[0.0908999964594841, 0.1168999969959259, 0.15199999511241913, 0.16429999470710754, 0.17319999635219574, 0.17980000376701355, 0.19519999623298645]","[4.281839847564697, 3.8664703369140625, 3.688526153564453, 3.568725824356079, 3.468512773513794, 3.380645275115967, 3.300833225250244]","[4.012794017791748, 3.824655771255493, 3.6592752933502197, 3.589951276779175, 3.504904270172119, 3.479900360107422, 3.413294553756714]","[1024, 512, 128]",0.0001
"[0.008975000120699406, 0.00917499978095293, 0.009724999777972698, 0.009850000031292439, 0.00865000020712614, 0.009449999779462814, 0.010049999691545963]","[0.008299999870359898, 0.007699999958276749, 0.007699999958276749, 0.007699999958276749, 0.007699999958276749, 0.007699999958276749, 0.007699999958276749]","[4.610715866088867, 4.606019496917725, 4.605660438537598, 4.605635166168213, 4.605642318725586, 4.6056671142578125, 4.605642795562744]","[4.60663366317749, 4.607204914093018, 4.60752534866333, 4.607711315155029, 4.607779026031494, 4.6078715324401855, 4.608034610748291]","[1024, 512, 128]",0.001
"[0.009674999862909317, 0.010250000283122063, 0.009850000031292439, 0.010049999691545963, 0.009050000458955765, 0.009750000201165676, 0.009975000284612179]","[0.010099999606609344, 0.009399999864399433, 0.008299999870359898, 0.008700000122189522, 0.00989999994635582, 0.010300000198185444, 0.008799999952316284]","[4.796418190002441, 4.610108375549316, 4.6104607582092285, 4.610143661499023, 4.610249042510986, 4.609927177429199, 4.610143184661865]","[4.610551357269287, 4.609935283660889, 4.611372470855713, 4.611145496368408, 4.611827373504639, 4.611074447631836, 4.610706806182861]","[1024, 512, 128]",0.01
"[0.07440000027418137, 0.13689999282360077, 0.16705000400543213, 0.18995000422000885, 0.20907500386238098, 0.22544999420642853, 0.24185000360012054]","[0.10530000180006027, 0.14489999413490295, 0.1712999939918518, 0.17790000140666962, 0.1981000006198883, 0.20669999718666077, 0.210099995136261]","[4.125722885131836, 3.720926284790039, 3.5483434200286865, 3.4211626052856445, 3.3138577938079834, 3.2186155319213867, 3.129742383956909]","[3.879000663757324, 3.6735734939575195, 3.53703236579895, 3.4739725589752197, 3.3827831745147705, 3.337329387664795, 3.3166956901550293]","[1024, 512, 512]",0.0001
"[0.07079999893903732, 0.12790000438690186, 0.15760000050067902, 0.179625004529953, 0.19757500290870667, 0.210549995303154, 0.22374999523162842]","[0.10989999771118164, 0.13699999451637268, 0.16359999775886536, 0.17759999632835388, 0.18369999527931213, 0.1915999948978424, 0.19269999861717224]","[4.087241172790527, 3.7091176509857178, 3.531111001968384, 3.412094831466675, 3.309575080871582, 3.2190804481506348, 3.1426920890808105]","[3.8371803760528564, 3.647810935974121, 3.5599429607391357, 3.451810836791992, 3.424128532409668, 3.37857723236084, 3.3951823711395264]","[1024, 512, 512]",0.001
"[0.01067500002682209, 0.009875000454485416, 0.009475000202655792, 0.010374999605119228, 0.00982499960809946, 0.009399999864399433, 0.009449999779462814]","[0.007699999958276749, 0.008700000122189522, 0.00860000029206276, 0.010499999858438969, 0.008500000461935997, 0.009100000374019146, 0.009100000374019146]","[4.903911590576172, 4.610299587249756, 4.610046863555908, 4.610391616821289, 4.61075496673584, 4.610264301300049, 4.6104044914245605]","[4.61358118057251, 4.611834526062012, 4.611912727355957, 4.611495494842529, 4.609613418579102, 4.610228061676025, 4.61213493347168]","[1024, 512, 512]",0.01
"[0.08290000259876251, 0.14047500491142273, 0.17509999871253967, 0.19972500205039978, 0.21902500092983246, 0.23690000176429749, 0.25507500767707825]","[0.12229999899864197, 0.14429999887943268, 0.17599999904632568, 0.19120000302791595, 0.20509999990463257, 0.21330000460147858, 0.2240000069141388]","[4.071121692657471, 3.6720871925354004, 3.5035061836242676, 3.3646585941314697, 3.2542154788970947, 3.1487820148468018, 3.0500643253326416]","[3.79046368598938, 3.6724319458007812, 3.5085198879241943, 3.4052703380584717, 3.337514877319336, 3.321535587310791, 3.2536864280700684]","[1024, 512, 1024]",0.0001
"[0.06822499632835388, 0.12890000641345978, 0.15952500700950623, 0.1771250069141388, 0.19634999334812164, 0.20864999294281006, 0.22390000522136688]","[0.09300000220537186, 0.14839999377727509, 0.1615000069141388, 0.16609999537467957, 0.18369999527931213, 0.18080000579357147, 0.1940000057220459]","[4.097276210784912, 3.6974778175354004, 3.512948751449585, 3.395498037338257, 3.2936019897460938, 3.2084577083587646, 3.121783971786499]","[3.8849313259124756, 3.615384817123413, 3.5273070335388184, 3.49062180519104, 3.457972288131714, 3.412372589111328, 3.380770206451416]","[1024, 512, 1024]",0.001
"[0.011649999767541885, 0.009349999949336052, 0.009674999862909317, 0.008775000460445881, 0.010200000368058681, 0.009399999864399433, 0.009850000031292439]","[0.008799999952316284, 0.008700000122189522, 0.010099999606609344, 0.00839999970048666, 0.009499999694526196, 0.008700000122189522, 0.010499999858438969]","[5.123991966247559, 4.6100287437438965, 4.610424518585205, 4.610296249389648, 4.610022068023682, 4.610315322875977, 4.610111713409424]","[4.610745906829834, 4.609496116638184, 4.610538482666016, 4.612109184265137, 4.610068321228027, 4.612614154815674, 4.610034942626953]","[1024, 512, 1024]",0.01
"[0.05092500150203705, 0.11574999988079071, 0.149275004863739, 0.17305000126361847, 0.19257499277591705, 0.21160000562667847, 0.22447499632835388]","[0.08399999886751175, 0.1281999945640564, 0.1535000056028366, 0.1680999994277954, 0.18449999392032623, 0.18950000405311584, 0.20419999957084656]","[4.266472816467285, 3.842787981033325, 3.6489555835723877, 3.519726514816284, 3.4133918285369873, 3.318351984024048, 3.2372655868530273]","[3.9975340366363525, 3.7490944862365723, 3.6255979537963867, 3.5590102672576904, 3.4830214977264404, 3.425743818283081, 3.376384735107422]","[1024, 1024, 128]",0.0001
"[0.008999999612569809, 0.009100000374019146, 0.009074999950826168, 0.009975000284612179, 0.009399999864399433, 0.009349999949336052, 0.00917499978095293]","[0.008299999870359898, 0.007699999958276749, 0.007699999958276749, 0.008299999870359898, 0.007699999958276749, 0.007699999958276749, 0.007699999958276749]","[4.608777046203613, 4.60566520690918, 4.60565185546875, 4.605649471282959, 4.6056389808654785, 4.6056318283081055, 4.605655670166016]","[4.606618881225586, 4.6072516441345215, 4.607730388641357, 4.60774564743042, 4.607846260070801, 4.607884883880615, 4.60784912109375]","[1024, 1024, 128]",0.001
"[0.008550000376999378, 0.010274999774992466, 0.009650000371038914, 0.009274999611079693, 0.009499999694526196, 0.00925000011920929, 0.009850000031292439]","[0.00860000029206276, 0.00839999970048666, 0.009700000286102295, 0.011599999852478504, 0.008799999952316284, 0.008799999952316284, 0.008700000122189522]","[4.8769612312316895, 4.610427379608154, 4.610075950622559, 4.609952926635742, 4.610143661499023, 4.610156059265137, 4.610335350036621]","[4.610466003417969, 4.6105451583862305, 4.610428333282471, 4.6096086502075195, 4.610335826873779, 4.6128363609313965, 4.610467433929443]","[1024, 1024, 128]",0.01
"[0.07787500321865082, 0.13770000636577606, 0.17057499289512634, 0.19472500681877136, 0.21712499856948853, 0.23794999718666077, 0.25745001435279846]","[0.12110000103712082, 0.149399995803833, 0.17430000007152557, 0.16990000009536743, 0.19480000436306, 0.21230000257492065, 0.22010000050067902]","[4.105709075927734, 3.699039936065674, 3.5138940811157227, 3.380441904067993, 3.2600491046905518, 3.15221905708313, 3.0554630756378174]","[3.82934308052063, 3.64050030708313, 3.5293891429901123, 3.5183043479919434, 3.3962910175323486, 3.298884868621826, 3.275118827819824]","[1024, 1024, 512]",0.0001
"[0.06105000153183937, 0.11590000241994858, 0.14315000176429749, 0.1610500067472458, 0.1777999997138977, 0.1863500028848648, 0.20080000162124634]","[0.094200000166893, 0.1225999966263771, 0.14000000059604645, 0.16339999437332153, 0.1670999974012375, 0.16979999840259552, 0.17710000276565552]","[4.143291473388672, 3.7757952213287354, 3.602254629135132, 3.4907195568084717, 3.393960952758789, 3.3318514823913574, 3.264373302459717]","[3.9211959838867188, 3.728393793106079, 3.6197352409362793, 3.5262563228607178, 3.4779856204986572, 3.477834463119507, 3.4382123947143555]","[1024, 1024, 512]",0.001
"[0.009549999609589577, 0.010274999774992466, 0.009925000369548798, 0.010425000451505184, 0.010174999944865704, 0.00930000003427267, 0.010200000368058681]","[0.009100000374019146, 0.009800000116229057, 0.009200000204145908, 0.008500000461935997, 0.008899999782443047, 0.010400000028312206, 0.009600000455975533]","[5.073073863983154, 4.668654441833496, 4.610135555267334, 4.609877109527588, 4.609866142272949, 4.6106133460998535, 4.6099982261657715]","[4.611525058746338, 4.609397888183594, 4.610419273376465, 4.610811233520508, 4.611403942108154, 4.6107354164123535, 4.609357833862305]","[1024, 1024, 512]",0.01
"[0.0843999981880188, 0.14880000054836273, 0.18240000307559967, 0.20829999446868896, 0.2303999960422516, 0.25107499957084656, 0.2730500102043152]","[0.1265999972820282, 0.16200000047683716, 0.18559999763965607, 0.20489999651908875, 0.21289999783039093, 0.218299999833107, 0.22769999504089355]","[4.052250862121582, 3.635014533996582, 3.4494218826293945, 3.3018295764923096, 3.1802725791931152, 3.0687129497528076, 2.9603893756866455]","[3.758141040802002, 3.5606281757354736, 3.4611008167266846, 3.37286639213562, 3.298927068710327, 3.2712242603302, 3.234320878982544]","[1024, 1024, 1024]",0.0001
"[0.07145000249147415, 0.13189999759197235, 0.16027499735355377, 0.17897500097751617, 0.19512499868869781, 0.20742499828338623, 0.22145000100135803]","[0.1080000028014183, 0.1354999989271164, 0.16349999606609344, 0.17470000684261322, 0.1777999997138977, 0.19009999930858612, 0.18979999423027039]","[4.078920841217041, 3.6854538917541504, 3.5105104446411133, 3.3965108394622803, 3.3006792068481445, 3.2136971950531006, 3.1336846351623535]","[3.798874616622925, 3.670008659362793, 3.5376648902893066, 3.4626588821411133, 3.4444363117218018, 3.4085774421691895, 3.419219970703125]","[1024, 1024, 1024]",0.001
"[0.00989999994635582, 0.009999999776482582, 0.009499999694526196, 0.009850000031292439, 0.00982499960809946, 0.009274999611079693, 0.00930000003427267]","[0.00989999994635582, 0.008899999782443047, 0.010499999858438969, 0.010400000028312206, 0.009800000116229057, 0.008700000122189522, 0.008999999612569809]","[5.558946132659912, 4.610378742218018, 4.610301494598389, 4.6101298332214355, 4.610435962677002, 4.610175132751465, 4.610332012176514]","[4.611002445220947, 4.610186576843262, 4.611031532287598, 4.612149715423584, 4.6106038093566895, 4.611812591552734, 4.608992099761963]","[1024, 1024, 1024]",0.01
